Date,sp,oil,euro,gold
2013-4-29,1593.61,94.09,1.309,1467.5
2013-4-30,1597.57,93.22,1.3168,1469
2013-5-1,1582.7,90.74,1.3192,1454.75
2013-5-2,1597.59,93.7,1.3066,1469.25
2013-5-3,1614.42,95.25,1.3112,1469.25
2013-5-7,1625.96,95.28,1.3085,1444.25
2013-5-8,1632.69,96.24,1.3177,1468
2013-5-9,1626.67,96.09,1.3105,1465.5
2013-5-10,1633.7,95.81,1.2955,1426.5
2013-5-13,1633.77,94.76,1.2981,1430.75
2013-5-14,1650.34,93.96,1.2969,1433.75
2013-5-15,1658.78,93.95,1.2857,1410
2013-5-16,1650.47,94.85,1.2898,1381
2013-5-17,1667.47,95.72,1.2818,1368.75
2013-5-20,1666.29,96.29,1.2865,1354.75
2013-5-21,1669.16,95.55,1.291,1360.75
2013-5-22,1655.35,93.98,1.2864,1408.5
2013-5-23,1650.51,94.12,1.2944,1380.5
2013-5-24,1649.6,93.84,1.292,1390.25
2013-5-28,1660.06,94.65,1.287,1376.5
2013-5-29,1648.36,93.13,1.2944,1382.5
2013-5-30,1654.41,93.57,1.3042,1413.5
2013-5-31,1630.74,91.93,1.2988,1394.5
2013-6-3,1640.42,93.41,1.3098,1402.5
2013-6-4,1631.38,93.36,1.3075,1399.5
2013-6-5,1608.9,93.66,1.3088,1404
2013-6-6,1622.56,94.71,1.3248,1400
2013-6-7,1643.38,96.11,1.3242,1386
2013-6-10,1642.81,95.82,1.3234,1383.25
2013-6-11,1626.13,95.5,1.3278,1374.25
2013-6-12,1612.52,95.98,1.3354,1382.75
2013-6-13,1636.36,96.66,1.3314,1385
2013-6-14,1626.73,97.83,1.333,1391.25
2013-6-17,1639.04,97.86,1.3341,1384.75
2013-6-18,1651.81,98.46,1.3407,1366.75
2013-6-19,1628.93,98.24,1.3404,1372.75
2013-6-20,1588.19,94.89,1.3214,1292.5
2013-6-21,1592.43,93.81,1.3113,1295.25
2013-6-24,1573.09,95.07,1.3091,1286.75
2013-6-25,1588.03,95.25,1.308,1279
2013-6-26,1603.26,95.47,1.3006,1236.25
2013-6-27,1613.2,97,1.3016,1232.75
2013-6-28,1606.28,96.36,1.301,1192
2013-7-1,1614.96,97.94,1.306,1242.75
2013-7-2,1614.08,99.65,1.3017,1252.5
2013-7-3,1615.41,101.92,1.3005,1250
2013-7-5,1631.89,103.09,1.2831,1212.75
2013-7-8,1640.46,103.03,1.2863,1235.25
2013-7-9,1652.32,103.46,1.2774,1255.5
2013-7-10,1652.62,106.41,1.2846,1256
2013-7-11,1675.02,104.77,1.3046,1285
2013-7-12,1680.19,105.85,1.3048,1279.75
2013-7-15,1682.5,106.2,1.3039,1284.75
2013-7-16,1676.26,105.88,1.3144,1291.5
2013-7-17,1680.91,106.39,1.3094,1297.25
2013-7-18,1689.37,107.94,1.3078,1283.25
2013-7-19,1692.09,108,1.3142,1295.75
2013-7-22,1695.53,106.61,1.3193,1327
2013-7-23,1692.39,107.13,1.3212,1333.5
2013-7-24,1685.94,105.41,1.3228,1335
2013-7-25,1690.25,105.47,1.3234,1326
2013-7-26,1691.65,104.76,1.3269,1331
2013-7-29,1685.33,104.61,1.3262,1329.75
2013-7-30,1685.96,103.14,1.3266,1324.15
2013-7-31,1685.73,105.1,1.3282,1314.5
2013-8-1,1706.87,107.93,1.3217,1315
2013-8-2,1709.67,106.94,1.3268,1309.25
2013-8-5,1707.14,106.61,1.3257,1304.75
2013-8-6,1697.37,105.32,1.3296,1280.5
2013-8-7,1690.91,104.41,1.3329,1282.5
2013-8-8,1697.48,103.45,1.3392,1298.25
2013-8-9,1691.42,106.04,1.3338,1309
2013-8-12,1689.47,106.19,1.3312,1341
2013-8-13,1694.16,106.78,1.3247,1328.5
2013-8-14,1685.39,106.89,1.3256,1326.5
2013-8-15,1661.32,107.43,1.3263,1329.75
2013-8-16,1655.83,107.58,1.3321,1369.25
2013-8-19,1646.06,107.14,1.3348,1365
2013-8-20,1652.35,104.9,1.3426,1372.5
2013-8-21,1642.8,103.93,1.3368,1363
2013-8-22,1656.96,104.93,1.3362,1375.5
2013-8-23,1663.5,106.48,1.3392,1377.5
2013-8-27,1630.48,109.11,1.3387,1419.25
2013-8-28,1634.96,110.17,1.3326,1419.5
2013-8-29,1638.17,108.51,1.3228,1407.75
2013-8-30,1632.97,107.98,1.3196,1394.75
2013-9-3,1639.77,108.67,1.3164,1399.5
2013-9-4,1653.08,107.29,1.3212,1390
2013-9-5,1655.08,108.5,1.312,1385
2013-9-6,1655.17,110.62,1.3166,1387
2013-9-9,1671.71,109.62,1.326,1390
2013-9-10,1683.99,107.48,1.326,1358.25
2013-9-11,1689.13,107.65,1.3301,1363.75
2013-9-12,1683.42,108.72,1.3315,1328
2013-9-13,1687.99,108.31,1.3276,1318.5
2013-9-16,1697.6,106.54,1.335,1324
2013-9-17,1704.76,105.36,1.3357,1312.25
2013-9-18,1725.52,108.23,1.3351,1301
2013-9-19,1722.34,106.26,1.3527,1365.5
2013-9-20,1709.91,104.7,1.3522,1349.25
2013-9-23,1701.84,103.62,1.352,1323
2013-9-24,1697.42,103.22,1.349,1314.25
2013-9-25,1692.77,102.68,1.3536,1322.75
2013-9-26,1698.67,103.1,1.3484,1333
2013-9-27,1691.75,102.86,1.3537,1341
2013-9-30,1681.55,102.36,1.3535,1326.5
2013-10-1,1695,102.09,1.3534,1290.75
2013-10-2,1693.87,104.15,1.3592,1306.25
2013-10-3,1678.66,103.29,1.3642,1316
2013-10-4,1690.5,103.83,1.3582,1309.75
2013-10-7,1676.12,103.07,1.3569,1323.5
2013-10-8,1655.45,103.54,1.3582,1329.5
2013-10-9,1656.4,101.63,1.3513,1304
2013-10-10,1692.56,103.08,1.3535,1298.5
2013-10-11,1703.2,102.17,1.3559,1265.5
2013-10-15,1698.06,101.15,1.3494,1270.5
2013-10-16,1721.54,102.34,1.349,1273.5
2013-10-17,1733.15,100.72,1.3664,1319.25
2013-10-18,1744.5,100.87,1.3693,1316.5
2013-10-21,1744.66,99.28,1.3672,1317.5
2013-10-22,1754.67,97.63,1.3778,1333
2013-10-23,1746.38,96.9,1.3786,1331.25
2013-10-24,1752.07,96.65,1.381,1344.75
2013-10-25,1759.77,97.4,1.3794,1347.75
2013-10-28,1762.11,98.74,1.3786,1361
2013-10-29,1771.95,98.29,1.377,1349.25
2013-10-30,1763.31,96.81,1.3771,1354.75
2013-10-31,1756.54,96.29,1.3594,1324
2013-11-1,1761.64,94.56,1.3488,1306.75
2013-11-4,1767.93,94.58,1.3516,1320.5
2013-11-5,1762.97,93.4,1.347,1307.25
2013-11-6,1770.49,94.74,1.353,1319
2013-11-7,1747.15,94.25,1.339,1307.25
2013-11-8,1770.61,94.56,1.3357,1285.5
2013-11-12,1767.69,93.12,1.3428,1281.25
2013-11-13,1782,93.91,1.3456,1272.5
2013-11-14,1790.62,93.76,1.3468,1286
2013-11-15,1798.18,93.8,1.348,1287.25
2013-11-18,1791.53,93.03,1.352,1283.5
2013-11-19,1787.87,93.35,1.3529,1275.75
2013-11-20,1781.37,93.34,1.3451,1257
2013-11-21,1795.85,95.35,1.347,1240
2013-11-22,1804.76,94.53,1.3547,1246.25
2013-11-25,1802.48,93.86,1.3502,1243
2013-11-26,1802.75,93.41,1.3555,1247.5
2013-11-27,1807.23,92.05,1.3563,1245
2013-11-29,1805.81,92.55,1.3606,1253
2013-12-2,1800.9,93.61,1.3552,1229.5
2013-12-3,1795.15,95.83,1.3604,1217.25
2013-12-4,1792.81,96.97,1.3555,1227.5
2013-12-5,1785.03,97.14,1.3664,1222.5
2013-12-6,1805.09,97.48,1.369,1233
2013-12-9,1808.37,97.1,1.3726,1237
2013-12-10,1802.62,98.32,1.3765,1266.25
2013-12-11,1782.22,97.25,1.3798,1260.75
2013-12-12,1775.5,97.21,1.3752,1225.25
2013-12-13,1775.32,96.27,1.3724,1232
2013-12-16,1786.54,97.18,1.3757,1234.75
2013-12-17,1781,96.99,1.3748,1231.75
2013-12-18,1810.65,97.59,1.3766,1230.5
2013-12-19,1809.6,98.4,1.3666,1196
2013-12-20,1818.32,99.11,1.3673,1195.25
2013-12-23,1827.99,98.62,1.3701,1199
2013-12-27,1841.4,99.94,1.3766,1214.5
2013-12-30,1841.07,98.9,1.3816,1204.5
2014-1-2,1831.98,95.14,1.367,1225
2014-1-3,1831.37,93.66,1.3606,1234.5
2014-1-6,1826.77,93.12,1.3636,1246.25
2014-1-7,1837.88,93.31,1.3618,1227.5
2014-1-8,1837.49,91.9,1.3586,1221
2014-1-9,1838.13,91.36,1.3591,1226
2014-1-10,1842.37,92.39,1.3664,1244.25
2014-1-13,1819.2,91.45,1.3647,1248
2014-1-14,1838.88,92.15,1.3682,1251.5
2014-1-15,1848.38,93.78,1.3604,1236
2014-1-16,1845.89,93.54,1.36,1241.5
2014-1-17,1838.7,93.96,1.3554,1250
2014-1-21,1843.8,94.51,1.356,1238
2014-1-22,1844.86,96.35,1.3546,1241
2014-1-23,1828.46,97.23,1.368,1263
2014-1-24,1790.29,96.66,1.368,1267
2014-1-27,1781.56,95.82,1.3679,1260.5
2014-1-28,1792.5,97.49,1.3662,1251.25
2014-1-29,1774.2,97.34,1.3663,1264
2014-1-30,1794.19,98.25,1.3549,1242.5
2014-1-31,1782.59,97.55,1.35,1251
2014-2-3,1741.89,96.44,1.3523,1262
2014-2-4,1755.2,97.24,1.3507,1250.25
2014-2-5,1751.64,97.4,1.3519,1254.5
2014-2-6,1773.43,97.84,1.3604,1256.5
2014-2-7,1797.02,99.98,1.3614,1259.25
2014-2-10,1799.84,100.12,1.3644,1277
2014-2-11,1819.75,99.96,1.3654,1282
2014-2-12,1819.26,100.38,1.3592,1289.5
2014-2-13,1829.83,100.27,1.3669,1296
2014-2-14,1838.63,100.31,1.369,1320
2014-2-18,1840.76,102.54,1.3758,1320.75
2014-2-19,1828.75,103.46,1.3762,1320.5
2014-2-20,1839.78,103.2,1.369,1316.25
2014-2-21,1836.25,102.53,1.3722,1323.25
2014-2-24,1847.61,103.17,1.3744,1334.75
2014-2-25,1845.12,102.2,1.3749,1339
2014-2-26,1845.16,102.93,1.3668,1331.75
2014-2-27,1854.29,102.68,1.3724,1332.25
2014-2-28,1859.45,102.88,1.3806,1326.5
2014-3-3,1845.73,105.34,1.3763,1349.5
2014-3-4,1873.91,103.64,1.3731,1334.75
2014-3-5,1873.81,101.75,1.3734,1337
2014-3-6,1877.03,101.82,1.3848,1345.25
2014-3-7,1878.04,102.82,1.3868,1335.25
2014-3-10,1877.17,101.39,1.388,1344
2014-3-11,1867.63,100.29,1.3867,1346.25
2014-3-12,1868.2,98.29,1.3904,1366
2014-3-13,1846.34,98.57,1.3927,1368.75
2014-3-14,1841.13,99.23,1.3924,1385
2014-3-17,1858.83,98.43,1.3927,1378.5
2014-3-18,1872.25,100.08,1.3913,1355.75
2014-3-19,1860.77,100.71,1.391,1338
2014-3-20,1872.01,99.68,1.3784,1327
2014-3-21,1866.52,99.97,1.3783,1336
2014-3-24,1857.44,100.05,1.3784,1310.75
2014-3-25,1865.62,99.66,1.3777,1313.5
2014-3-26,1852.56,100.61,1.3786,1304
2014-3-27,1849.04,101.25,1.3752,1296
2014-3-28,1857.62,101.73,1.3753,1294.75
2014-3-31,1872.34,101.57,1.3777,1291.75
2014-4-1,1885.52,99.69,1.3804,1283.75
2014-4-2,1890.9,99.6,1.3761,1292
2014-4-3,1888.77,100.29,1.3708,1284
2014-4-4,1865.09,101.16,1.3704,1297.25
2014-4-7,1845.04,100.43,1.3745,1299
2014-4-8,1851.96,102.57,1.3802,1309.5
2014-4-9,1872.18,103.55,1.3816,1301.75
2014-4-10,1833.08,103.37,1.3892,1320.5
2014-4-11,1815.69,103.68,1.3898,1318
2014-4-14,1830.61,104.05,1.3824,1325.75
2014-4-15,1842.98,103.7,1.3806,1298
2014-4-16,1862.31,103.71,1.382,1301.5
2014-4-17,1864.85,104.33,1.3832,1299
2014-4-22,1879.55,101.69,1.3804,1286.75
2014-4-23,1875.39,101.47,1.3814,1285.25
2014-4-24,1878.61,102.2,1.3828,1291.5
2014-4-25,1863.4,100.85,1.3838,1301.25
2014-4-28,1869.43,101.13,1.3844,1299
2014-4-29,1878.33,101.56,1.3808,1297.75
2014-4-30,1883.95,100.07,1.387,1288.5
2014-5-1,1883.68,99.69,1.3867,1278.5
2014-5-2,1881.14,100.09,1.3864,1281.25
2014-5-6,1867.72,99.81,1.3924,1306.25
2014-5-7,1878.21,101.06,1.3917,1296
2014-5-8,1875.63,100.52,1.3864,1287
2014-5-9,1878.48,100.32,1.3763,1291.25
2014-5-12,1896.65,100.89,1.376,1298.75
2014-5-13,1897.45,102.01,1.3711,1296.5
2014-5-14,1888.53,102.63,1.3718,1305.25
2014-5-15,1870.85,101.74,1.3712,1299
2014-5-16,1877.86,102.31,1.3708,1291.5
2014-5-19,1885.08,102.95,1.3716,1302
2014-5-20,1872.83,102.8,1.3702,1295.5
2014-5-21,1888.03,104.31,1.3657,1287.25
2014-5-22,1892.49,104.03,1.3652,1298.5
2014-5-23,1900.53,105.01,1.3628,1291.5
2014-5-27,1911.91,104.78,1.3618,1275.5
2014-5-28,1909.78,103.37,1.3596,1263.5
2014-5-29,1920.03,104.26,1.3608,1255
2014-5-30,1923.57,103.4,1.364,1250.5
2014-6-2,1924.97,103.07,1.3606,1247.25
2014-6-3,1924.24,103.34,1.3624,1242.75
2014-6-4,1927.88,103.27,1.3619,1245.25
2014-6-5,1940.46,103.17,1.3618,1252.5
2014-6-6,1949.44,103.32,1.3639,1247.5
2014-6-9,1951.27,105.09,1.3589,1253.5
2014-6-10,1950.79,105.02,1.3543,1259.5
2014-6-11,1943.89,105.04,1.3532,1262
2014-6-12,1930.11,107.2,1.3556,1265.75
2014-6-13,1936.16,107.49,1.3522,1273
2014-6-16,1937.78,107.52,1.3578,1276.25
2014-6-17,1941.99,106.95,1.3543,1267.5
2014-6-18,1956.98,106.64,1.3567,1269.75
2014-6-19,1959.48,107.08,1.362,1293
2014-6-20,1962.87,107.95,1.3586,1312.5
2014-6-23,1962.61,106.83,1.3593,1313.5
2014-6-24,1949.98,106.64,1.3588,1318.5
2014-6-25,1959.53,107.04,1.3638,1316.75
2014-6-26,1957.22,106.49,1.361,1311.75
2014-6-27,1960.96,106.46,1.3631,1317.5
2014-6-30,1960.23,106.07,1.369,1315
2014-7-1,1973.32,106.06,1.3681,1327.5
2014-7-2,1974.62,105.18,1.3656,1326.5
2014-7-3,1985.44,104.76,1.361,1317.5
2014-7-7,1977.65,104.19,1.3604,1313
2014-7-8,1963.71,104.06,1.3614,1323
2014-7-9,1972.83,102.93,1.363,1322.75
2014-7-10,1964.68,103.61,1.36,1340.25
2014-7-11,1967.57,101.48,1.3598,1335
2014-7-14,1977.1,101.73,1.362,1306
2014-7-15,1973.28,100.56,1.3573,1310
2014-7-16,1981.57,101.88,1.353,1301
2014-7-17,1958.12,103.84,1.353,1302.5
2014-7-18,1978.22,103.83,1.3515,1307.25
2014-7-21,1973.63,105.34,1.3524,1311.5
2014-7-22,1983.53,104.59,1.347,1310.25
2014-7-23,1987.01,103.81,1.3462,1308
2014-7-24,1987.98,102.76,1.3468,1292.75
2014-7-25,1978.34,105.23,1.3431,1294.75
2014-7-28,1978.91,105.68,1.344,1304.5
2014-7-29,1969.95,104.91,1.341,1299.25
2014-7-30,1970.07,104.29,1.3378,1294.5
2014-7-31,1930.67,98.23,1.339,1285.25
2014-8-1,1925.15,97.86,1.3436,1291.25
2014-8-4,1938.99,98.26,1.3414,1290.5
2014-8-5,1920.21,97.34,1.3366,1284.75
2014-8-6,1920.24,96.93,1.3355,1306.5
2014-8-7,1909.57,97.34,1.3362,1305.25
2014-8-8,1931.59,97.61,1.3412,1309.75
2014-8-11,1936.92,98.09,1.3385,1307.25
2014-8-12,1933.75,97.36,1.3357,1315.75
2014-8-13,1946.72,97.57,1.3367,1312
2014-8-14,1955.18,95.54,1.3376,1313.5
2014-8-15,1955.06,97.3,1.3392,1296
2014-8-18,1971.74,96.44,1.3358,1296.75
2014-8-19,1981.6,94.35,1.332,1296.5
2014-8-20,1986.51,96.4,1.3284,1295
2014-8-21,1992.37,93.97,1.3284,1275.25
2014-8-22,1988.4,93.61,1.3237,1277.25
2014-8-26,2000.02,95.78,1.3189,1286
2014-8-27,2000.12,95.82,1.3192,1282.75
2014-8-28,1996.74,96.44,1.3178,1292
2014-8-29,2003.37,97.86,1.315,1285.75
2014-9-2,2002.28,92.92,1.3124,1267
2014-9-3,2000.72,95.5,1.3136,1265.5
2014-9-4,1997.65,94.51,1.2926,1271.5
2014-9-5,2007.71,93.32,1.2956,1266
2014-9-8,2001.54,92.64,1.2948,1259
2014-9-9,1988.44,92.73,1.2909,1255.75
2014-9-10,1995.69,91.71,1.2908,1251
2014-9-11,1997.45,92.89,1.2936,1241.25
2014-9-12,1985.54,92.18,1.2955,1231.5
2014-9-15,1984.13,92.86,1.2951,1234.25
2014-9-16,1998.98,94.91,1.2976,1232.25
2014-9-17,2001.57,94.33,1.2958,1236
2014-9-18,2011.36,93.07,1.2913,1220.5
2014-9-19,2010.4,92.43,1.2835,1219.75
2014-9-22,1994.29,91.46,1.2829,1213.5
2014-9-23,1982.77,91.55,1.2858,1222
2014-9-24,1998.3,93.6,1.2788,1217.25
2014-9-25,1965.99,93.59,1.2748,1213.75
2014-9-26,1982.85,95.55,1.2686,1213.75
2014-9-29,1977.8,94.53,1.2703,1219.5
2014-9-30,1972.29,91.17,1.2628,1216.5
2014-10-1,1946.16,90.74,1.2618,1216.5
2014-10-2,1946.17,91.02,1.267,1211.75
2014-10-3,1967.9,89.76,1.2517,1195
2014-10-6,1964.82,90.33,1.2592,1195.75
2014-10-7,1935.1,88.89,1.2626,1210.5
2014-10-8,1968.89,87.29,1.2683,1217
2014-10-9,1928.21,85.76,1.2683,1226.75
2014-10-10,1906.13,85.87,1.2636,1219
2014-10-14,1877.7,81.72,1.266,1234.75
2014-10-15,1862.49,81.82,1.2778,1237.5
2014-10-16,1862.76,82.33,1.2812,1237.75
2014-10-17,1886.76,82.8,1.2755,1234.25
2014-10-20,1904.01,82.76,1.2783,1244.5
2014-10-21,1941.28,83.25,1.2724,1250.25
2014-10-22,1927.11,80.52,1.2658,1243.75
2014-10-23,1950.82,82.81,1.2658,1232.75
2014-10-24,1964.58,81.27,1.2675,1232.75
2014-10-27,1961.63,81.26,1.2712,1228.75
2014-10-28,1985.05,81.36,1.2747,1229.25
2014-10-29,1982.3,82.25,1.2762,1223.5
2014-10-30,1994.65,81.06,1.2622,1202
2014-10-31,2018.05,80.53,1.253,1164.25
2014-11-3,2017.81,78.77,1.2487,1167.75
2014-11-4,2012.1,77.15,1.2554,1166.5
2014-11-5,2023.57,78.71,1.2488,1142
2014-11-6,2031.21,77.87,1.2414,1145
2014-11-7,2031.92,78.71,1.2422,1154.5
2014-11-10,2038.26,77.43,1.2425,1162
2014-11-12,2038.25,77.16,1.2456,1164.5
2014-11-13,2039.33,74.13,1.2476,1161.75
2014-11-14,2039.82,75.91,1.2494,1169
2014-11-17,2041.32,75.64,1.2447,1182.5
2014-11-18,2051.8,74.55,1.2534,1192.75
2014-11-19,2048.72,74.55,1.2548,1196
2014-11-20,2052.75,75.63,1.2526,1190
2014-11-21,2063.5,76.52,1.2394,1203.75
2014-11-24,2069.41,75.74,1.2427,1197.5
2014-11-25,2067.03,74.04,1.2472,1199
2014-11-26,2072.83,73.7,1.2503,1197.5
2014-11-28,2067.56,65.94,1.2438,1182.75
2014-12-1,2053.44,68.98,1.249,1194
2014-12-2,2066.55,66.99,1.239,1195
2014-12-3,2074.33,67.3,1.2304,1204.75
2014-12-4,2071.92,66.73,1.2432,1209
2014-12-5,2075.37,65.89,1.2304,1194
2014-12-8,2060.31,63.13,1.2292,1193
2014-12-9,2059.82,63.74,1.2415,1227
2014-12-10,2026.14,60.99,1.2425,1229
2014-12-11,2035.33,60.01,1.2397,1216.25
2014-12-12,2002.33,57.81,1.2484,1217
2014-12-15,1989.63,55.96,1.247,1209.25
2014-12-16,1972.74,55.97,1.2504,1202.5
2014-12-17,2012.89,56.43,1.2406,1195.75
2014-12-18,2061.23,54.18,1.2291,1199
2014-12-19,2070.65,56.91,1.2235,1195.5
2014-12-22,2078.54,55.25,1.2252,1195.25
2014-12-23,2082.17,56.78,1.218,1175.75
2014-12-29,2090.57,53.46,1.2179,1185.5
2014-12-30,2080.35,54.14,1.2174,1206
2015-1-2,2058.2,52.72,1.2015,1172
2015-1-5,2020.58,50.05,1.1918,1200
2015-1-6,2002.61,47.98,1.1936,1210.25
2015-1-7,2025.9,48.69,1.182,1210.5
2015-1-8,2062.14,48.8,1.1811,1215.5
2015-1-9,2044.81,48.35,1.183,1217.75
2015-1-12,2028.26,46.06,1.1832,1226.5
2015-1-13,2023.03,45.92,1.1779,1231.5
2015-1-14,2011.27,48.49,1.1806,1235
2015-1-15,1992.67,46.37,1.1598,1259
2015-1-16,2019.42,48.49,1.1517,1277.5
2015-1-20,2022.55,46.79,1.1559,1288.75
2015-1-21,2032.12,47.85,1.1584,1293.5
2015-1-22,2063.15,45.93,1.1414,1295.75
2015-1-23,2051.82,45.26,1.1279,1294.75
2015-1-26,2057.09,44.8,1.129,1281.25
2015-1-27,2029.55,45.84,1.137,1288.5
2015-1-28,2002.16,44.08,1.1342,1288
2015-1-29,2021.25,44.12,1.1308,1268.75
2015-1-30,1994.99,47.79,1.129,1260.25
2015-2-2,2020.85,49.25,1.1337,1272.5
2015-2-3,2050.03,53.04,1.1462,1264.25
2015-2-4,2041.51,48.45,1.1418,1268.5
2015-2-5,2062.52,50.48,1.1432,1259.25
2015-2-6,2055.47,51.66,1.133,1241
2015-2-9,2046.74,52.99,1.1316,1238.5
2015-2-10,2068.59,50.06,1.1316,1234.5
2015-2-11,2068.53,48.8,1.13,1223.75
2015-2-12,2088.48,51.17,1.141,1222.5
2015-2-13,2096.99,52.66,1.1408,1232.5
2015-2-17,2100.34,53.56,1.1395,1209.5
2015-2-18,2099.68,52.13,1.1342,1206
2015-2-19,2097.45,51.12,1.1392,1209.5
2015-2-20,2110.3,49.95,1.1372,1208.25
2015-2-23,2109.66,49.56,1.1346,1204.5
2015-2-24,2115.48,48.48,1.1307,1192.5
2015-2-25,2113.86,50.25,1.1363,1204.75
2015-2-26,2110.74,47.65,1.1212,1208.25
2015-2-27,2104.5,49.84,1.1197,1214
2015-3-2,2117.39,49.59,1.119,1212.5
2015-3-3,2107.78,50.43,1.1212,1212.75
2015-3-4,2098.53,51.53,1.107,1199.5
2015-3-5,2101.04,50.76,1.1006,1202
2015-3-6,2071.26,49.61,1.0855,1175.75
2015-3-9,2079.43,49.95,1.0846,1168.5
2015-3-10,2044.16,48.42,1.0707,1162
2015-3-11,2040.24,48.06,1.0576,1150
2015-3-12,2065.95,47.12,1.0615,1152.25
2015-3-13,2053.4,44.88,1.0524,1152
2015-3-16,2081.19,43.93,1.0575,1150.75
2015-3-17,2074.28,43.39,1.0605,1150.75
2015-3-18,2099.5,44.63,1.0643,1147.25
2015-3-19,2089.27,44.02,1.0621,1166
2015-3-20,2108.1,46,1.0792,1183.1
2015-3-23,2104.42,47.4,1.0928,1186.25
2015-3-24,2091.5,47.03,1.0908,1191.5
2015-3-25,2061.05,48.75,1.0986,1195.6
2015-3-26,2056.15,51.41,1.0919,1203.15
2015-3-27,2061.02,48.83,1.0891,1195.75
2015-3-30,2086.24,48.66,1.0818,1185.5
2015-3-31,2067.89,47.72,1.0741,1187
2015-4-1,2059.69,50.12,1.0768,1197
2015-4-2,2066.96,49.13,1.0874,1198.5
2015-4-7,2076.33,53.95,1.085,1211
2015-4-8,2081.9,50.44,1.0818,1207.25
2015-4-9,2091.18,50.79,1.0671,1194.8
2015-4-10,2102.06,51.63,1.0598,1207.35
2015-4-13,2092.43,51.95,1.0582,1198.9
2015-4-14,2095.84,53.3,1.0672,1194.75
2015-4-15,2106.63,56.25,1.0596,1192.9
2015-4-16,2104.99,56.69,1.0742,1204.35
2015-4-17,2081.18,55.71,1.078,1203.35
2015-4-20,2100.4,56.37,1.0763,1196.5
2015-4-21,2097.29,55.58,1.0758,1195.3
2015-4-22,2107.96,56.17,1.0729,1189.25
2015-4-23,2112.93,56.59,1.0803,1185.75
2015-4-24,2117.69,55.98,1.0876,1183
2015-4-27,2108.92,55.56,1.0892,1200
2015-4-28,2114.76,57.05,1.0979,1209
2015-4-29,2106.85,58.55,1.1174,1209
2015-4-30,2085.51,59.62,1.1162,1180.25
2015-5-1,2108.29,59.1,1.1194,1175.95
2015-5-5,2089.46,60.38,1.1174,1197
2015-5-6,2080.15,60.93,1.1345,1194.25
2015-5-7,2088,58.99,1.1283,1187
2015-5-8,2116.1,59.41,1.1241,1186
2015-5-11,2105.33,59.23,1.1142,1189.25
2015-5-12,2099.12,60.72,1.124,1191.5
2015-5-13,2098.48,60.5,1.1372,1210.5
2015-5-14,2121.1,59.89,1.1368,1225
2015-5-15,2122.73,59.73,1.1428,1220.5
2015-5-18,2129.2,59.44,1.1354,1223.5
2015-5-19,2127.83,57.3,1.1151,1214.3
2015-5-20,2125.85,58.96,1.1079,1210.5
2015-5-21,2130.82,60.18,1.1126,1205
2015-5-22,2126.06,58.88,1.1033,1204.1
2015-5-26,2104.2,57.29,1.0876,1185.4
2015-5-27,2123.48,57.51,1.0888,1185.85
2015-5-28,2120.79,57.69,1.0914,1185
2015-5-29,2107.39,60.25,1.0994,1191.4
2015-6-1,2111.73,60.24,1.0913,1199.9
2015-6-2,2109.6,61.3,1.113,1192.8
2015-6-3,2114.07,59.67,1.1285,1190
2015-6-4,2095.84,58,1.1271,1176
2015-6-5,2092.83,59.11,1.1108,1164.6
2015-6-8,2079.28,58.15,1.1232,1172.8
2015-6-9,2080.15,60.15,1.1284,1177.4
2015-6-10,2105.2,61.36,1.1307,1188.5
2015-6-11,2108.86,60.74,1.1236,1178.5
2015-6-12,2094.11,59.96,1.1278,1182.8
2015-6-15,2084.43,59.53,1.1266,1181.4
2015-6-16,2096.29,60.01,1.1238,1177.75
2015-6-17,2100.44,59.89,1.1244,1178
2015-6-18,2121.24,60.41,1.1404,1201.85
2015-6-19,2109.99,59.62,1.1335,1203.4
2015-6-22,2122.85,60.01,1.1378,1185.5
2015-6-23,2124.2,61.05,1.119,1178
2015-6-24,2108.58,60.01,1.1178,1173.75
2015-6-25,2102.31,59.59,1.1196,1172.65
2015-6-26,2101.49,59.41,1.1156,1170.5
2015-6-29,2057.64,58.34,1.118,1176
2015-6-30,2063.11,59.48,1.1154,1171
2015-7-1,2077.42,56.94,1.1084,1168
2015-7-2,2076.78,56.93,1.109,1165.25
2015-7-6,2068.76,52.48,1.1076,1166
2015-7-7,2081.34,52.33,1.0952,1156.25
2015-7-8,2046.68,51.61,1.1072,1158.5
2015-7-9,2051.31,52.76,1.1025,1164.25
2015-7-10,2076.62,52.74,1.115,1159.3
2015-7-13,2099.6,52.19,1.102,1154
2015-7-14,2108.95,53.05,1.1015,1157.4
2015-7-15,2107.4,51.4,1.0965,1147.4
2015-7-16,2124.29,50.9,1.0898,1144.4
2015-7-17,2126.64,50.88,1.0848,1132.8
2015-7-20,2128.28,50.11,1.085,1104.6
2015-7-21,2119.21,50.59,1.0927,1105.6
2015-7-22,2114.15,49.27,1.0884,1088.6
2015-7-23,2102.15,48.11,1.0976,1097.4
2015-7-24,2079.65,47.98,1.0976,1080.8
2015-7-27,2067.64,47.17,1.1112,1100
2015-7-28,2093.25,47.97,1.1055,1096.2
2015-7-29,2108.57,48.77,1.1026,1090.25
2015-7-30,2108.63,48.53,1.0914,1087.5
2015-7-31,2103.84,47.11,1.1028,1098.4
2015-8-3,2098.04,45.25,1.0962,1091.9
2015-8-4,2093.32,45.75,1.0953,1090.65
2015-8-5,2099.84,45.13,1.0868,1085.1
2015-8-6,2083.56,44.69,1.0922,1089.75
2015-8-7,2077.57,43.87,1.0958,1093.5
2015-8-10,2104.18,44.94,1.0994,1097
2015-8-11,2084.07,43.11,1.1042,1108.25
2015-8-12,2086.05,43.22,1.1198,1119
2015-8-13,2083.39,42.27,1.1144,1116.75
2015-8-14,2091.54,42.45,1.111,1118.25
2015-8-17,2102.44,41.93,1.1078,1118.8
2015-8-18,2096.92,42.58,1.1028,1111.45
2015-8-19,2079.61,40.75,1.1061,1126.15
2015-8-20,2035.73,41,1.12,1147.7
2015-8-21,1970.89,40.45,1.1356,1156.5
2015-8-24,1893.21,38.22,1.158,1166.5
2015-8-25,1867.61,39.15,1.141,1137.5
2015-8-26,1940.51,38.5,1.139,1120.75
2015-8-27,1987.66,42.47,1.1239,1119
2015-8-28,1988.87,45.29,1.1172,1135
2015-9-1,1913.85,45.38,1.1263,1142.3
2015-9-2,1948.86,46.3,1.1242,1137.75
2015-9-3,1951.13,46.75,1.1104,1128
2015-9-4,1921.22,46.02,1.1117,1118.25
2015-9-8,1969.41,45.92,1.1182,1121.15
2015-9-9,1942.04,44.13,1.1165,1109.85
2015-9-10,1952.29,45.85,1.1262,1109.5
2015-9-11,1961.05,44.75,1.1338,1100.25
2015-9-14,1953.03,44.07,1.1307,1104.8
2015-9-15,1978.09,44.58,1.126,1105.95
2015-9-16,1995.31,47.12,1.1304,1117.6
2015-9-17,1990.2,46.93,1.1312,1117.5
2015-9-18,1958.03,44.71,1.1358,1141.5
2015-9-21,1966.97,46.67,1.1204,1133.25
2015-9-22,1942.74,46.17,1.1133,1122.9
2015-9-23,1938.76,44.53,1.116,1131.35
2015-9-24,1932.24,44.94,1.1252,1154.5
2015-9-25,1931.34,45.55,1.1192,1146.65
2015-9-28,1881.77,44.4,1.1236,1131.05
2015-9-29,1884.09,45.24,1.1246,1132.1
2015-9-30,1920.03,45.06,1.1162,1114
2015-10-1,1923.82,44.75,1.12,1119
2015-10-2,1951.36,45.54,1.1276,1140.75
2015-10-5,1987.05,46.28,1.12,1139.75
2015-10-6,1979.92,48.53,1.1266,1147.5
2015-10-7,1995.83,47.86,1.1249,1144.6
2015-10-8,2013.43,49.46,1.1282,1140
2015-10-9,2014.89,49.67,1.1363,1151.55
2015-10-13,2003.69,46.7,1.1382,1165.2
2015-10-14,1994.24,46.63,1.1437,1173.9
2015-10-15,2023.86,46.38,1.1418,1184.25
2015-10-16,2033.11,47.3,1.136,1180.85
2015-10-19,2033.66,45.91,1.132,1175.4
2015-10-20,2030.77,45.84,1.1359,1177.75
2015-10-21,2018.94,45.22,1.1345,1167.1
2015-10-22,2052.51,44.9,1.114,1167
2015-10-23,2075.15,43.91,1.1016,1161.25
2015-10-26,2071.18,43.19,1.1051,1166.4
2015-10-27,2065.89,43.21,1.1052,1165.7
2015-10-28,2090.35,45.93,1.1066,1179.6
2015-10-29,2089.41,46.02,1.0963,1148.6
2015-10-30,2079.36,46.6,1.1042,1142.35
2015-11-2,2104.05,46.12,1.1026,1134
2015-11-3,2109.79,47.88,1.0946,1123.1
2015-11-4,2102.31,46.32,1.0861,1114.7
2015-11-5,2099.93,45.27,1.0869,1106.3
2015-11-6,2099.2,44.32,1.0746,1088.9
2015-11-9,2078.58,43.87,1.0767,1089.6
2015-11-10,2081.72,44.23,1.0686,1087.1
2015-11-12,2045.97,41.74,1.0768,1087.4
2015-11-13,2023.04,40.69,1.0722,1081.5
2015-11-16,2053.19,41.68,1.0708,1084.75
2015-11-17,2050.44,40.73,1.0634,1079.2
2015-11-18,2083.58,40.75,1.0638,1067.75
2015-11-19,2081.24,40.55,1.0746,1082.6
2015-11-20,2089.17,39.39,1.066,1081.75
2015-11-23,2086.59,39.27,1.0602,1070.5
2015-11-24,2089.14,40.89,1.0652,1076.4
2015-11-25,2088.87,41.22,1.0616,1068
2015-11-27,2090.11,40.57,1.0596,1057.4
2015-11-30,2080.41,40.43,1.0562,1061.9
2015-12-1,2102.63,40.58,1.062,1065.4
2015-12-2,2079.51,39.93,1.0573,1055.4
2015-12-3,2049.62,41.08,1.0902,1055.45
2015-12-4,2091.69,40,1.0884,1079.25
2015-12-7,2077.07,37.64,1.084,1075.8
2015-12-8,2063.59,37.46,1.0876,1072.1
2015-12-9,2047.62,37.16,1.0984,1081
2015-12-10,2052.23,36.76,1.0948,1071
2015-12-11,2012.37,35.65,1.1002,1072.5
2015-12-14,2021.94,36.31,1.1025,1068.25
2015-12-15,2043.41,37.32,1.0911,1061.5
2015-12-16,2073.07,35.55,1.0937,1075.25
2015-12-17,2041.89,34.98,1.0804,1049.4
2015-12-18,2005.55,34.72,1.0847,1062.5
2015-12-21,2021.15,34.55,1.092,1078.75
2015-12-22,2038.97,36.12,1.0978,1074.9
2015-12-23,2064.29,36.76,1.0875,1068.25
2015-12-29,2078.36,37.88,1.0916,1070.1
2015-12-30,2063.36,36.59,1.0912,1060
2016-1-4,2012.66,36.81,1.0803,1082.25
2016-1-5,2016.71,35.97,1.0743,1077
2016-1-6,1990.26,33.97,1.0762,1091.4
2016-1-7,1943.09,33.29,1.086,1106.35
2016-1-8,1922.03,33.2,1.0885,1101.85
2016-1-11,1923.67,31.42,1.0878,1100.75
2016-1-12,1938.68,30.42,1.0837,1085.4
2016-1-13,1890.28,30.42,1.0862,1088.15
2016-1-14,1921.84,31.22,1.0862,1088.4
2016-1-15,1880.33,29.45,1.0964,1093.75
2016-1-19,1881.33,28.47,1.0906,1086.25
2016-1-20,1859.33,26.68,1.0908,1101.75
2016-1-21,1868.99,29.55,1.0833,1096.5
2016-1-22,1906.9,32.07,1.0814,1096.25
2016-1-25,1877.08,30.31,1.0832,1106.6
2016-1-26,1903.63,29.54,1.0846,1113.6
2016-1-27,1882.95,32.32,1.0867,1116.25
2016-1-28,1893.36,33.21,1.0952,1114
2016-1-29,1940.24,33.66,1.0832,1111.8
2016-2-1,1939.38,31.62,1.0888,1126.5
2016-2-2,1903.03,29.9,1.0908,1128.5
2016-2-3,1912.53,32.29,1.1051,1132
2016-2-4,1915.45,31.63,1.1199,1156.35
2016-2-5,1880.05,30.86,1.1131,1150.35
2016-2-8,1853.44,29.71,1.117,1193.25
2016-2-9,1852.21,27.96,1.13,1191
2016-2-10,1851.86,27.54,1.1222,1190
2016-2-11,1829.08,26.19,1.1362,1241
2016-2-12,1864.78,29.32,1.1235,1239.75
2016-2-16,1895.58,29.05,1.114,1209.5
2016-2-17,1926.82,30.68,1.114,1210
2016-2-18,1917.83,30.77,1.1092,1210.1
2016-2-19,1917.78,29.59,1.1127,1231.15
2016-2-22,1945.5,31.37,1.1018,1211
2016-2-23,1921.27,31.84,1.1016,1221.35
2016-2-24,1929.8,30.35,1.1021,1250.75
2016-2-25,1951.7,31.4,1.1026,1236
2016-2-26,1948.05,31.65,1.0932,1226.5
2016-2-29,1932.23,32.74,1.0868,1234.9
2016-3-1,1978.35,34.39,1.0847,1236.5
2016-3-2,1986.45,34.57,1.0845,1239.2
2016-3-3,1993.4,34.56,1.0948,1250.25
2016-3-4,1999.99,35.91,1.101,1277.5
2016-3-7,2001.76,37.9,1.1004,1267.9
2016-3-8,1979.26,36.67,1.1028,1267
2016-3-9,1989.26,37.62,1.1022,1246.4
2016-3-10,1989.57,37.77,1.1162,1266.5
2016-3-11,2022.19,38.51,1.118,1264.75
2016-3-14,2019.64,37.2,1.1107,1242.75
2016-3-15,2015.93,36.32,1.1112,1232
2016-3-16,2027.22,38.43,1.1075,1228.5
2016-3-17,2040.59,40.17,1.1316,1266.5
2016-3-18,2049.58,39.47,1.1292,1252.1
2016-3-21,2051.6,39.91,1.126,1244.9
2016-3-22,2049.8,41.45,1.1228,1252.5
2016-3-23,2036.71,38.28,1.1174,1217.6
2016-3-24,2035.94,38.14,1.1163,1221
2016-3-29,2055.01,36.91,1.1204,1226
2016-3-30,2063.95,36.91,1.133,1236.25
2016-3-31,2059.74,36.94,1.139,1237
2016-4-1,2072.78,35.36,1.1385,1213.6
2016-4-4,2066.13,34.3,1.1386,1219.75
2016-4-5,2045.17,34.52,1.1374,1231.25
2016-4-6,2066.66,37.74,1.143,1221.4
2016-4-7,2041.91,37.3,1.1386,1242.1
2016-4-8,2047.6,39.74,1.1406,1239.5
2016-4-11,2041.99,40.46,1.1412,1254.75
2016-4-12,2061.72,42.12,1.1395,1254.6
2016-4-13,2082.42,41.7,1.1281,1245.75
2016-4-14,2082.78,41.45,1.1262,1233.85
2016-4-15,2080.73,40.4,1.1295,1227.1
2016-4-18,2094.34,39.74,1.1322,1234.3
2016-4-19,2100.8,40.88,1.1375,1255.4
2016-4-20,2102.4,42.72,1.133,1252
2016-4-21,2091.48,43.18,1.1301,1249.25
2016-4-22,2091.58,42.76,1.1239,1243.25
2016-4-25,2087.79,41.67,1.1274,1238.9
2016-4-26,2091.7,42.52,1.1318,1241.7
2016-4-27,2095.15,45.29,1.1322,1247.4
2016-4-28,2075.81,46.03,1.1325,1256
2016-4-29,2065.3,45.98,1.1441,1285.65
2016-5-3,2063.37,43.65,1.1508,1294
2016-5-4,2051.12,43.77,1.1486,1283
2016-5-5,2050.63,44.33,1.1404,1280.25
2016-5-6,2057.14,44.58,1.1421,1289
2016-5-9,2058.69,43.45,1.1402,1265.25
2016-5-10,2084.39,44.68,1.1386,1262.8
2016-5-11,2064.46,46.21,1.1444,1276.85
2016-5-12,2064.11,46.64,1.138,1279.25
2016-5-13,2046.61,46.22,1.1294,1265.9
2016-5-16,2066.66,47.72,1.1328,1285.75
2016-5-17,2047.21,48.29,1.1337,1277
2016-5-18,2047.63,48.12,1.1276,1272.9
2016-5-19,2040.04,48.16,1.1214,1246.25
2016-5-20,2052.32,47.67,1.1207,1254.2
2016-5-23,2048.04,48.12,1.1192,1245.9
2016-5-24,2076.06,48.04,1.1145,1236.85
2016-5-25,2090.54,49.1,1.1154,1220.6
2016-5-26,2090.1,49,1.1184,1223.85
2016-5-27,2099.06,49.36,1.114,1216.25
2016-5-31,2096.96,49.1,1.1135,1212.1
2016-6-1,2099.33,49.07,1.1165,1214.5
2016-6-2,2105.26,49.14,1.1157,1212.4
2016-6-3,2099.13,48.69,1.133,1240.5
2016-6-6,2109.41,49.71,1.1354,1244
2016-6-7,2112.13,50.37,1.135,1241
2016-6-8,2119.12,51.23,1.14,1263
2016-6-9,2115.48,50.52,1.1329,1263.9
2016-6-10,2096.07,49.09,1.1281,1275.5
2016-6-13,2079.06,48.89,1.1282,1280.8
2016-6-14,2075.32,48.49,1.1206,1287.15
2016-6-15,2071.5,47.92,1.1239,1283.3
2016-6-16,2077.99,46.14,1.1158,1310.75
2016-6-17,2071.22,48,1.1256,1290.7
2016-6-20,2083.25,49.4,1.1318,1281.8
2016-6-21,2088.9,48.95,1.1262,1272.6
2016-6-22,2085.45,49.16,1.1286,1264.85
2016-6-23,2113.32,49.34,1.1373,1262.15
2016-6-24,2037.41,46.7,1.1126,1315.5
2016-6-27,2000.54,45.8,1.1024,1324.55
2016-6-28,2036.09,47.93,1.1054,1309.7
2016-6-29,2070.77,49.85,1.1117,1321.5
2016-6-30,2098.86,48.27,1.1032,1320.75
2016-7-1,2102.95,49.02,1.1145,1340
2016-7-5,2088.55,46.73,1.108,1350.75
2016-7-6,2099.73,47.37,1.1077,1366.25
2016-7-7,2097.9,45.22,1.1065,1356.7
2016-7-8,2129.9,45.37,1.1038,1354.25
2016-7-11,2137.16,44.73,1.1045,1357.1
2016-7-12,2152.14,46.82,1.1074,1342.4
2016-7-13,2152.43,44.87,1.1112,1342.75
2016-7-14,2163.75,45.64,1.1109,1323.6
2016-7-15,2161.74,45.93,1.1059,1327
2016-7-18,2166.89,45.23,1.1076,1334.7
2016-7-19,2163.78,44.64,1.1014,1330.9
2016-7-20,2173.02,44.96,1.1007,1315.9
2016-7-21,2165.17,43.96,1.1016,1321.15
2016-7-22,2175.03,43.41,1.0968,1320.75
2016-7-25,2168.48,42.4,1.098,1313.15
2016-7-26,2169.18,42.16,1.0984,1323
2016-7-27,2166.58,41.9,1.0988,1329
2016-7-28,2170.06,41.13,1.1094,1341.75
2016-7-29,2173.6,41.54,1.1168,1342
2016-8-1,2170.84,40.05,1.1176,1349.65
2016-8-2,2157.03,39.5,1.1225,1363.75
2016-8-3,2163.79,40.8,1.117,1358.9
2016-8-4,2164.25,41.92,1.1134,1362.75
2016-8-5,2182.87,41.83,1.108,1340.4
2016-8-8,2180.89,43.06,1.1078,1336.8
2016-8-9,2181.74,42.78,1.111,1341
2016-8-10,2175.49,41.75,1.1171,1347.7
2016-8-11,2185.79,43.51,1.1168,1355
2016-8-12,2184.05,44.47,1.1172,1352.2
2016-8-15,2190.15,45.72,1.1199,1339.4
2016-8-16,2178.15,46.57,1.1277,1344
2016-8-17,2182.22,46.81,1.1263,1343.35
2016-8-18,2187.02,48.2,1.1334,1350.05
2016-8-19,2183.87,48.48,1.1326,1346.4
2016-8-22,2182.64,46.8,1.1314,1335.9
2016-8-23,2186.9,47.54,1.1308,1342
2016-8-24,2175.44,46.29,1.1256,1327.25
2016-8-25,2172.47,46.97,1.1274,1321.3
2016-8-26,2169.04,47.64,1.1237,1318.75
2016-8-30,2176.12,46.32,1.115,1318.15
2016-8-31,2170.95,44.68,1.1146,1309.25
2016-9-1,2170.86,43.17,1.1194,1309.5
2016-9-2,2179.98,44.39,1.1158,1324.7
2016-9-6,2186.48,44.85,1.1237,1337.25
2016-9-7,2186.16,45.47,1.1238,1348.35
2016-9-8,2181.3,47.63,1.1256,1343.4
2016-9-9,2127.81,45.88,1.1214,1330.85
2016-9-12,2159.04,46.28,1.123,1324.6
2016-9-13,2127.02,44.91,1.1242,1323.65
2016-9-14,2125.77,43.62,1.1271,1321.75
2016-9-15,2147.26,43.85,1.1246,1310.8
2016-9-16,2139.16,43.04,1.116,1308.35
2016-9-19,2139.12,43.34,1.1179,1314.85
2016-9-20,2139.76,43.85,1.1172,1313.8
2016-9-21,2163.12,45.33,1.1165,1326.1
2016-9-22,2177.18,46.1,1.1229,1339.1
2016-9-23,2164.69,44.36,1.1223,1338.65
2016-9-26,2146.1,45.6,1.127,1340.5
2016-9-27,2159.93,44.65,1.1208,1327
2016-9-28,2171.37,47.07,1.12,1322.5
2016-9-29,2151.13,47.72,1.1244,1318.1
2016-9-30,2168.27,47.72,1.1238,1322.5
2016-10-3,2161.2,48.8,1.121,1313.3
2016-10-4,2150.49,48.67,1.1212,1283.3
2016-10-5,2159.73,49.75,1.1196,1269.4
2016-10-6,2160.77,50.44,1.1158,1254.5
2016-10-7,2153.74,49.76,1.1156,1258.75
2016-10-11,2136.73,50.72,1.1062,1253.45
2016-10-12,2139.18,50.14,1.1014,1256.5
2016-10-13,2132.55,50.47,1.1038,1261.05
2016-10-14,2132.98,50.35,1.0985,1251.75
2016-10-17,2126.5,49.97,1.1,1254.8
2016-10-18,2139.6,50.3,1.0997,1258.2
2016-10-19,2144.29,51.59,1.0966,1269.05
2016-10-20,2141.34,50.31,1.0934,1271.65
2016-10-21,2141.16,50.61,1.0866,1266.05
2016-10-24,2151.33,50.18,1.0888,1265.55
2016-10-25,2143.16,49.45,1.089,1269.4
2016-10-26,2139.43,48.75,1.0916,1270.5
2016-10-27,2133.04,49.71,1.0904,1266.25
2016-10-28,2126.41,48.72,1.0934,1273
2016-10-31,2126.15,46.83,1.0962,1272
2016-11-1,2111.72,46.66,1.1042,1288.45
2016-11-2,2097.94,45.32,1.1119,1303.75
2016-11-3,2088.66,44.66,1.1094,1301
2016-11-4,2085.18,44.07,1.1121,1302.8
2016-11-7,2131.52,44.88,1.1038,1283.05
2016-11-8,2139.56,44.96,1.1034,1282.35
2016-11-9,2163.26,45.2,1.0952,1281.4
2016-11-10,2167.48,44.62,1.0882,1267.5
2016-11-14,2164.2,43.29,1.0723,1213.6
2016-11-15,2180.39,45.86,1.0726,1226.95
2016-11-16,2176.94,45.56,1.0699,1229.2
2016-11-17,2187.12,45.37,1.0656,1226.75
2016-11-18,2181.9,45.69,1.06,1211
2016-11-21,2198.18,47.48,1.0597,1214.25
2016-11-22,2202.94,48.07,1.0618,1212.25
2016-11-23,2204.72,46.72,1.056,1185.35
2016-11-25,2213.35,46.72,1.0595,1187.7
2016-11-28,2201.72,45.66,1.0576,1187
2016-11-29,2204.66,45.29,1.0626,1186.55
2016-11-30,2198.81,49.41,1.0578,1178.1
2016-12-1,2191.08,51.08,1.0634,1161.85
2016-12-2,2191.95,51.7,1.0666,1173.5
2016-12-5,2204.71,51.72,1.0723,1162.2
2016-12-6,2212.23,50.95,1.0717,1172.5
2016-12-7,2241.35,49.85,1.0758,1177.65
2016-12-8,2246.19,50.84,1.0625,1171.05
2016-12-9,2259.53,51.51,1.0541,1163.6
2016-12-12,2256.96,52.74,1.0606,1156.1
2016-12-13,2271.72,52.99,1.0635,1158.55
2016-12-14,2253.28,51.01,1.0656,1162.25
2016-12-15,2262.03,50.9,1.0375,1126.95
2016-12-16,2258.07,51.93,1.0456,1131.6
2016-12-19,2262.53,52.13,1.0444,1136.25
2016-12-20,2270.76,52.22,1.039,1125.7
2016-12-21,2265.18,51.44,1.0425,1133.65
2016-12-22,2260.96,51.98,1.0452,1131.35
2016-12-28,2249.92,54.01,1.0389,1134.6
2016-12-29,2249.26,53.8,1.0486,1145.9
2017-1-3,2257.83,52.36,1.0416,1151
2017-1-4,2270.75,53.26,1.0476,1164.25
2017-1-5,2269,53.77,1.0598,1176.7
2017-1-6,2276.98,53.98,1.056,1175.85
2017-1-9,2268.9,51.95,1.0576,1178.5
2017-1-10,2268.9,50.82,1.0572,1189.5
2017-1-11,2275.32,52.19,1.0501,1178.55
2017-1-12,2270.44,53.01,1.0666,1205.05
2017-1-13,2274.64,52.36,1.0625,1190.35
2017-1-17,2267.89,52.45,1.0695,1216.05
2017-1-18,2271.89,51.12,1.0682,1214.75
2017-1-19,2263.69,51.39,1.063,1196.05
2017-1-23,2265.2,52.77,1.074,1212.85
2017-1-24,2280.07,52.38,1.0749,1216.8
2017-1-25,2298.37,52.14,1.0743,1195
2017-1-26,2296.68,53.24,1.067,1189.7
2017-1-27,2294.69,53.18,1.069,1184.85
2017-1-30,2280.9,52.63,1.0681,1192.8
2017-1-31,2278.87,52.75,1.0794,1212.8
2017-2-1,2279.55,53.9,1.0758,1203.65
2017-2-2,2280.85,53.55,1.0802,1221.95
2017-2-3,2297.42,53.81,1.0792,1215.2
2017-2-6,2292.56,53.01,1.0731,1226.75
2017-2-7,2293.08,52.19,1.069,1231
2017-2-8,2294.67,52.37,1.0708,1242.1
2017-2-9,2307.87,52.99,1.0658,1236.8
2017-2-10,2316.1,53.84,1.065,1228.3
2017-2-13,2328.25,52.96,1.0603,1222.25
2017-2-14,2337.58,53.21,1.0577,1230.75
2017-2-15,2349.25,53.11,1.0597,1224.4
2017-2-16,2347.22,53.41,1.066,1240.55
2017-2-17,2351.16,53.41,1.0614,1241.95
2017-2-21,2365.38,54.02,1.0551,1233.2
2017-2-22,2362.82,53.61,1.0555,1236.65
2017-2-23,2363.81,54.48,1.0586,1247.9
2017-2-24,2367.34,53.99,1.058,1253.65
2017-2-27,2369.75,54.04,1.0624,1257.2
2017-2-28,2363.64,54,1.0618,1255.6
2017-3-1,2395.96,53.82,1.0564,1240.4
2017-3-2,2381.92,52.63,1.0514,1238.1
2017-3-3,2383.12,53.33,1.0552,1226.5
2017-3-6,2375.31,53.19,1.0586,1230.95
2017-3-7,2368.39,52.68,1.0582,1216.65
2017-3-8,2362.98,49.83,1.0547,1209.2
2017-3-9,2364.87,48.75,1.0586,1206.55
2017-3-10,2372.6,48.05,1.0667,1202.65
2017-3-13,2373.47,47.95,1.067,1204.2
2017-3-14,2365.45,47.24,1.0645,1204.6
2017-3-15,2385.26,48.34,1.063,1198.8
2017-3-16,2381.38,48.3,1.0738,1229.35
2017-3-17,2378.25,48.34,1.0742,1229.6
2017-3-20,2373.47,47.79,1.0754,1232.4
2017-3-21,2344.02,47.02,1.081,1241.6
2017-3-22,2348.45,47.29,1.08,1249.05
2017-3-23,2345.96,47,1.0787,1247.5
2017-3-24,2343.98,47.3,1.0806,1247.5
2017-3-27,2341.59,47.02,1.0882,1257.55
2017-3-28,2358.57,48.36,1.0852,1257.25
2017-3-29,2361.13,49.47,1.0756,1251.1
2017-3-30,2368.06,50.3,1.0726,1248.8
2017-3-31,2362.72,50.54,1.0698,1244.85
2017-4-3,2358.84,50.25,1.0655,1247.25
2017-4-4,2360.16,50.99,1.0664,1257.65
2017-4-5,2352.95,51.14,1.0661,1245.8
2017-4-6,2357.49,51.69,1.0651,1252.5
2017-4-7,2355.54,52.25,1.0616,1266.45
2017-4-10,2357.16,53.06,1.0606,1250.05
2017-4-11,2353.78,53.38,1.0614,1252.9
2017-4-12,2344.93,53.12,1.0611,1274.3
2017-4-13,2328.95,53.19,1.063,1284.15
2017-4-18,2342.19,52.46,1.0706,1278.95
2017-4-19,2338.17,50.49,1.0707,1279.05
2017-4-20,2355.84,50.26,1.0758,1282.1
2017-4-21,2348.69,49.64,1.0694,1281.85
2017-4-24,2374.15,48.9,1.0846,1269.4
2017-4-25,2388.61,49.22,1.0941,1267.8
2017-4-26,2387.45,49.22,1.0872,1261.85
2017-4-27,2388.77,48.96,1.0864,1262.8
2017-4-28,2384.2,49.31,1.0895,1266.45
2017-5-2,2391.17,47.65,1.091,1255.45
2017-5-3,2388.13,47.79,1.092,1250.3
2017-5-4,2389.52,45.55,1.0967,1228.45
2017-5-5,2399.29,46.23,1.0996,1228.05
2017-5-8,2399.38,46.46,1.0928,1229.8
2017-5-9,2396.92,45.84,1.0875,1220.4
2017-5-10,2399.63,47.28,1.0873,1222.95
2017-5-11,2394.44,47.81,1.0869,1223.15
2017-5-12,2390.9,47.83,1.0926,1231.25
2017-5-15,2402.32,48.86,1.0979,1233.3
2017-5-16,2400.67,48.64,1.1072,1234.2
2017-5-17,2357.03,49.04,1.1134,1257.4
2017-5-18,2365.72,49.36,1.113,1255.9
2017-5-19,2381.73,50.32,1.119,1252
2017-5-22,2394.02,50.81,1.1236,1258.85
2017-5-23,2398.42,51.12,1.1198,1260.2
2017-5-24,2404.39,50.99,1.1175,1252.55
2017-5-25,2415.07,48.57,1.1218,1256.95
2017-5-26,2415.82,49.58,1.117,1265.05
2017-5-30,2412.91,49.63,1.1183,1262.7
2017-5-31,2411.8,48.29,1.1236,1266.2
2017-6-1,2430.06,48.32,1.1214,1264.85
2017-6-2,2439.07,47.68,1.127,1274.95
2017-6-5,2436.1,47.4,1.125,1279.95
2017-6-6,2429.33,48.13,1.1266,1293.5
2017-6-7,2433.14,45.8,1.1236,1291
2017-6-8,2433.79,45.68,1.1217,1273.1
2017-6-9,2431.77,45.82,1.119,1266.55
2017-6-12,2429.39,46.1,1.1204,1266.4
2017-6-13,2440.35,46.41,1.1194,1262
2017-6-14,2437.92,44.79,1.1277,1275.5
2017-6-15,2432.46,44.47,1.1152,1254.55
2017-6-16,2433.15,44.73,1.1194,1255.4
2017-6-19,2453.46,44.24,1.116,1248.15
2017-6-20,2437.03,43.34,1.1124,1242.2
2017-6-21,2435.61,42.48,1.1143,1242.5
2017-6-22,2434.5,42.53,1.1148,1250.8
2017-6-23,2438.3,42.86,1.1196,1255.7
2017-6-26,2439.07,43.24,1.1196,1245.25
2017-6-27,2419.38,44.25,1.13,1249.55
2017-6-28,2440.69,44.74,1.1364,1248
2017-6-29,2419.7,44.88,1.142,1243.5
2017-6-30,2423.41,46.02,1.1411,1242.25
2017-7-5,2432.54,45.11,1.1336,1220.3
2017-7-6,2409.75,45.52,1.1409,1224.9
2017-7-7,2425.18,44.25,1.1396,1215.65
2017-7-10,2427.43,44.4,1.1396,1211.9
2017-7-11,2425.53,45.06,1.143,1211.05
2017-7-12,2443.25,45.48,1.1411,1218.8
2017-7-13,2447.83,46.06,1.1385,1218.9
2017-7-14,2459.27,46.53,1.1452,1230.3
2017-7-17,2459.14,46.02,1.147,1234.1
2017-7-18,2460.61,46.4,1.1578,1240.75
2017-7-19,2473.83,47.1,1.1518,1242.15
2017-7-20,2473.45,46.73,1.1634,1238.7
2017-7-21,2472.54,45.78,1.1655,1248.55
2017-7-24,2469.91,46.21,1.1642,1255.55
2017-7-25,2477.13,47.77,1.1656,1254.4
2017-7-26,2477.83,48.58,1.1632,1248.1
2017-7-27,2475.42,49.05,1.1656,1261.1
2017-7-28,2472.1,49.72,1.1754,1264.9
2017-7-31,2470.3,50.21,1.1826,1267.55
2017-8-1,2476.35,49.19,1.1799,1270.95
2017-8-2,2477.57,49.6,1.1861,1269.6
2017-8-3,2472.16,49.03,1.188,1268.1
2017-8-4,2476.83,49.57,1.1754,1257.7
2017-8-7,2480.91,49.37,1.1788,1258
2017-8-8,2474.92,49.07,1.1724,1261.8
2017-8-9,2474.02,49.59,1.1748,1271.05
2017-8-10,2438.21,48.54,1.1751,1284.4
2017-8-11,2441.32,48.81,1.1811,1286.1
2017-8-14,2465.84,47.59,1.1786,1282.3
2017-8-16,2468.11,46.8,1.1703,1272.75
2017-8-17,2430.01,47.07,1.1736,1285.15
2017-8-18,2425.55,48.59,1.1748,1295.8
2017-8-21,2428.37,47.39,1.1814,1292.9
2017-8-22,2452.51,47.65,1.1762,1284.2
2017-8-23,2444.04,48.45,1.1802,1286.65
2017-8-24,2438.97,47.24,1.1801,1289
2017-8-25,2443.05,47.65,1.1874,1285.3
2017-8-29,2446.3,46.46,1.2025,1318.65
2017-8-30,2457.59,45.96,1.1927,1308.5
2017-8-31,2471.65,47.26,1.1894,1311.75
2017-9-1,2476.55,47.32,1.1878,1320.4
2017-9-5,2457.85,48.63,1.1911,1335.55
2017-9-6,2465.54,49.13,1.1943,1337.85
2017-9-7,2465.1,49.1,1.2028,1343.5
2017-9-8,2461.43,47.44,1.2041,1346.25
2017-9-11,2488.11,48.06,1.1964,1334.2
2017-9-12,2496.48,48.21,1.1968,1326.5
2017-9-13,2498.37,49.3,1.1898,1327.55
2017-9-14,2495.62,49.86,1.1886,1324.55
2017-9-15,2500.23,49.9,1.1959,1322.85
2017-9-18,2503.87,49.88,1.1938,1312.1
2017-9-19,2506.65,49.54,1.198,1309.6
2017-9-20,2508.24,50.29,1.1998,1311.3
2017-9-21,2500.6,50.58,1.1946,1292.1
2017-9-22,2502.22,50.33,1.1969,1294.8
2017-9-25,2496.66,51.85,1.1852,1293.3
2017-9-26,2496.84,51.59,1.1772,1300.05
2017-9-27,2507.04,52.14,1.1747,1282.55
2017-9-28,2510.06,51.62,1.1776,1283.35
2017-9-29,2519.36,51.67,1.1813,1283.1
2017-10-2,2529.12,50.59,1.1745,1273.7
2017-10-3,2534.58,50.44,1.1759,1271.25
2017-10-4,2537.74,50,1.176,1274.25
2017-10-5,2552.07,50.79,1.1706,1274.5
2017-10-6,2549.33,49.34,1.1732,1261.8
2017-10-10,2550.64,50.93,1.1804,1291.4
2017-10-11,2555.24,51.3,1.1847,1289.25
2017-10-12,2550.93,50.61,1.184,1290.25
2017-10-13,2553.17,51.43,1.1837,1299.6
2017-10-16,2557.64,51.86,1.181,1303.3
2017-10-17,2559.36,51.87,1.1754,1284.75
2017-10-18,2561.26,52.05,1.1775,1280.2
2017-10-19,2562.1,51.29,1.1842,1286.4
2017-10-20,2575.21,51.63,1.177,1281.2
2017-10-23,2564.98,51.91,1.1762,1274.9
2017-10-24,2569.13,52.32,1.1766,1276.45
2017-10-25,2557.15,51.97,1.1802,1275
2017-10-26,2560.4,52.41,1.17,1273.75
2017-10-27,2581.07,53.92,1.158,1266.45
2017-10-30,2572.83,54.11,1.1626,1272
2017-10-31,2575.26,54.36,1.1648,1270.15
2017-11-1,2579.36,54.32,1.1618,1277.05
2017-11-2,2579.85,54.55,1.1672,1279.2
2017-11-3,2587.84,55.63,1.1616,1267.2
2017-11-6,2591.13,57.34,1.16,1270.9
2017-11-7,2590.64,57.19,1.1577,1275.6
2017-11-8,2594.38,56.82,1.1591,1284
2017-11-9,2584.62,57.16,1.1648,1284.8
2017-11-13,2584.84,56.77,1.1656,1277.95
2017-11-14,2578.87,55.67,1.1764,1274.6
2017-11-15,2564.62,55.28,1.1794,1282.2
2017-11-16,2585.64,55.14,1.1772,1280
2017-11-17,2578.85,56.21,1.1799,1284.35
2017-11-20,2582.14,56.21,1.1741,1286.2
2017-11-21,2599.03,56.84,1.1741,1283.3
2017-11-22,2597.08,57.88,1.1789,1286.95
2017-11-24,2602.42,58.94,1.1936,1290.5
2017-11-27,2601.42,58.1,1.1911,1294.9
2017-11-28,2627.04,57.96,1.1878,1291.85
2017-11-29,2626.07,57.25,1.1858,1283.85
2017-11-30,2647.58,57.4,1.1898,1280.2
2017-12-1,2642.22,58.35,1.191,1275.5
2017-12-4,2639.44,57.48,1.1848,1273.45
2017-12-5,2629.57,57.66,1.182,1266.3
2017-12-6,2629.27,55.79,1.1788,1263.7
2017-12-7,2636.98,56.5,1.179,1255
2017-12-8,2651.5,57.15,1.1761,1250.65
2017-12-11,2659.99,57.84,1.1802,1247.15
2017-12-12,2664.11,57.12,1.1725,1240.9
2017-12-13,2662.85,56.59,1.1762,1242.65
2017-12-14,2652.01,57,1.1778,1251
2017-12-15,2675.81,57.29,1.1778,1254.6
2017-12-18,2690.16,57.17,1.1804,1260.6
2017-12-19,2681.47,57.49,1.1822,1260.35
2017-12-20,2679.25,58.09,1.1881,1264.55
2017-12-21,2684.57,58.34,1.1872,1264.55
2017-12-27,2682.62,59.67,1.1902,1279.4
2017-12-28,2687.54,59.84,1.1952,1291
2018-1-2,2695.81,60.37,1.205,1312.05
2018-1-3,2713.06,61.61,1.203,1314.9
2018-1-4,2723.99,61.98,1.2064,1314.5
2018-1-5,2743.15,61.49,1.2039,1317.15
2018-1-8,2747.71,61.73,1.1973,1319.95
2018-1-9,2751.29,62.92,1.1922,1311
2018-1-10,2748.23,63.6,1.1958,1319.75
2018-1-11,2767.56,63.81,1.2035,1323.05
2018-1-12,2786.24,64.22,1.213,1326.8
2018-1-16,2776.42,63.82,1.2244,1333.85
2018-1-17,2802.56,63.92,1.2229,1335.65
2018-1-18,2798.03,63.96,1.2238,1332.2
2018-1-19,2810.3,63.38,1.2238,1334.95
2018-1-22,2832.97,63.66,1.223,1332.6
2018-1-23,2839.13,64.45,1.2277,1333.4
2018-1-24,2837.54,65.69,1.239,1353.7
2018-1-25,2839.25,65.62,1.2488,1354.95
2018-1-26,2872.87,66.27,1.2422,1353.15
2018-1-29,2853.53,65.71,1.2352,1343.85
2018-1-30,2822.43,64.64,1.239,1344.9
2018-1-31,2823.81,64.82,1.2428,1345.05
2018-2-1,2821.98,65.92,1.2482,1341.35
2018-2-2,2762.13,65.5,1.2446,1331.15
2018-2-5,2648.94,64.18,1.2418,1333.6
2018-2-6,2695.14,63.48,1.2381,1331.4
2018-2-7,2681.66,61.91,1.2281,1324.65
2018-2-8,2581,61.3,1.2238,1315.45
2018-2-9,2619.55,59.2,1.2226,1314.1
2018-2-12,2656,59.41,1.2267,1322.3
2018-2-13,2662.94,59.33,1.2363,1325.35
2018-2-14,2698.63,60.7,1.2396,1336.25
2018-2-15,2731.2,61.48,1.2482,1352.45
2018-2-16,2732.22,61.89,1.2442,1352.1
2018-2-20,2716.26,61.91,1.2348,1339.85
2018-2-21,2701.33,61.73,1.2314,1330.5
2018-2-22,2703.96,62.72,1.2326,1328.35
2018-2-23,2747.3,63.52,1.2298,1327.95
2018-2-26,2779.6,63.81,1.2296,1333.5
2018-2-27,2744.28,62.94,1.2239,1325.75
2018-2-28,2713.83,61.43,1.2211,1317.85
2018-3-1,2677.67,60.98,1.2216,1307.75
2018-3-2,2691.25,61.19,1.2314,1322.3
2018-3-5,2720.94,62.49,1.233,1320.4
2018-3-6,2728.12,62.54,1.2415,1331.4
2018-3-7,2726.8,61.09,1.2397,1329.4
2018-3-8,2738.97,60.13,1.2314,1321
2018-3-9,2786.57,62.02,1.2326,1320.6
2018-3-12,2783.02,61.35,1.2318,1319.15
2018-3-13,2765.31,60.69,1.2398,1322.75
2018-3-14,2749.48,60.89,1.2362,1323.55
2018-3-15,2747.33,61.16,1.2321,1318.75
2018-3-16,2752.01,62.29,1.228,1310.1
2018-3-19,2712.92,62.01,1.2329,1312.4
2018-3-20,2716.94,63.37,1.2271,1311
2018-3-21,2711.93,65.1,1.2268,1321.35
2018-3-22,2643.69,64.25,1.231,1329.15
2018-3-23,2588.26,65.8,1.236,1346.6
2018-3-26,2658.55,65.49,1.244,1352.4
2018-3-27,2612.62,65.21,1.241,1341.45
2018-3-28,2605,64.3,1.2351,1332.45
2018-3-29,2640.87,64.87,1.2297,1323.85
2018-4-3,2614.45,63.41,1.2261,1333.45
2018-4-4,2644.69,63.35,1.2292,1337.3
2018-4-5,2662.84,63.53,1.223,1327.7
2018-4-6,2604.47,62.03,1.2274,1331.2
2018-4-9,2613.16,63.4,1.232,1331.95
2018-4-10,2656.87,65.48,1.2338,1338.95
2018-4-11,2642.19,66.81,1.2384,1350.75
2018-4-12,2663.99,67.07,1.232,1341.35
2018-4-13,2656.3,67.35,1.2322,1343.7
2018-4-16,2677.84,66.23,1.2373,1349.35
2018-4-17,2706.39,66.5,1.2345,1342.1
2018-4-18,2708.64,68.44,1.238,1351.45
2018-4-19,2693.13,68.3,1.2336,1348.6
2018-4-20,2670.14,68.26,1.2282,1336.75
2018-4-23,2670.29,67.61,1.2216,1324.3
2018-4-24,2634.56,67.66,1.2226,1328.85
2018-4-25,2639.4,68,1.2178,1321.65
2018-4-26,2666.94,68.18,1.2113,1320.7
2018-4-27,2669.91,68.11,1.2108,1321.5
2018-4-30,2648.05,68.56,1.2074,1313.2
2018-5-1,2654.8,67.28,1.2,1307.1
2018-5-2,2635.67,67.91,1.1968,1304.2
2018-5-3,2629.73,68.45,1.197,1315.05
2018-5-4,2663.42,69.71,1.1946,1309.4
2018-5-8,2671.92,68.83,1.1863,1306.6
2018-5-9,2697.79,71.16,1.1852,1313.85
2018-5-10,2723.07,71.36,1.1896,1318.8
2018-5-11,2727.72,70.69,1.1951,1324.35
2018-5-14,2730.13,71.01,1.1976,1319.85
2018-5-15,2711.45,71.34,1.1864,1295
2018-5-16,2722.46,71.43,1.1788,1291.25
2018-5-17,2720.13,71.47,1.1798,1289.5
2018-5-18,2712.97,71.23,1.1775,1288.3
2018-5-21,2733.01,72.26,1.1768,1288.35
2018-5-22,2724.44,72.09,1.1783,1293.05
2018-5-23,2733.29,71.85,1.1693,1289
2018-5-24,2727.76,70.77,1.1729,1304.85
2018-5-25,2721.33,67.92,1.1666,1303.5
2018-5-29,2689.86,66.8,1.1551,1295.5
2018-5-30,2724.01,68.24,1.1664,1300.7
2018-5-31,2705.27,66.98,1.167,1305.35
2018-6-1,2734.62,65.81,1.1679,1294.6
2018-6-4,2746.87,64.76,1.1696,1295.45
2018-6-5,2748.8,65.51,1.1672,1292.05
2018-6-6,2772.35,64.75,1.1778,1300.1
2018-6-7,2770.37,65.96,1.1815,1297.25
2018-6-8,2779.03,65.77,1.1773,1298.25
2018-6-11,2782,66.1,1.1802,1299.6
